<?xml version="1.0" encoding="UTF-8"?>
<configuration>
    <appender name="CONSOLE" class="ch.qos.logback.core.ConsoleAppender">
        <encoder>
            <pattern>%d{HH:mm:ss.SSS} [%thread] %-5level %logger{36} - %msg%n</pattern>
        </encoder>
    </appender>

    <logger name="com.university.lms" level="INFO" additivity="false">
        <appender-ref ref="CONSOLE"/>
    </logger>

    <root level="WARN">
        <appender-ref ref="CONSOLE"/>
    </root>
</configuration>